actor_ent,actor_logprob,actor_loss,batch_reward,buffer_size,critic_loss,critic_q1,critic_q2,critic_target_q,episode,episode_length,episode_reward,fps,frame,step,total_time
9.875650480270386,-6.5971921443939205,0.038457939200103285,0.0,5000.0,0.0003487300221731857,-0.03860486087575555,-0.03862319057062268,-0.03862259266898036,5.0,1000.0,0.0,0.9919113104590306,5000,5000.0,1008.1546547412872
9.862936059951782,-6.586121078491211,0.02698557434231043,0.0,6000.0,4.622798629407043e-05,-0.025796793101355433,-0.025786133190616966,-0.025799058217555286,6.0,1000.0,0.0,11.058199210293521,6000,6000.0,1098.5852918624878
9.85019850730896,-6.5864972505569455,0.01905086029566519,0.0,7000.0,8.35556998008542e-05,-0.018096898433606838,-0.018099338710075245,-0.01808498684503138,7.0,1000.0,0.0,11.874553377588253,7000,7000.0,1182.7989864349365
9.837437757492065,-6.570305763244629,0.01372707656957209,0.0,8000.0,2.688560572823917e-05,-0.012823391227269894,-0.012828930856194347,-0.012829376189038157,8.0,1000.0,0.0,11.891945985604043,8000,8000.0,1266.8895139694214
9.824653678894043,-6.549548099517822,0.010479212449863553,0.0,9000.0,4.696376724041329e-06,-0.010448453936725855,-0.010449912315234542,-0.010449639208614827,9.0,1000.0,0.0,11.621679452469158,9000,9000.0,1352.9355981349945
9.811846220016479,-6.527175486564636,0.007097765016369522,0.0,10000.0,2.6174469303441583e-06,-0.007373831488192081,-0.007372308252379298,-0.007371724930591881,10.0,1000.0,0.0,11.795550090436402,10000,10000.0,1437.7133326530457
9.799015274047852,-6.520675966262817,0.004675164239015431,0.0,11000.0,3.1944233421654645e-06,-0.0047322758920490746,-0.0047309193143155424,-0.004732518678996712,11.0,1000.0,0.0,1.4129023292054181,11000,11000.0,2145.476339817047
9.78616076850891,-6.521085899353027,0.0030500976010225714,0.0,12000.0,2.4885220032047074e-06,-0.002874048221157864,-0.0028755694236606358,-0.0028737212689593436,12.0,1000.0,0.0,11.237054971501006,12000,12000.0,2234.467629432678
9.773282606124878,-6.505992573738098,0.0027502363440580664,0.0,13000.0,5.072123607305912e-06,-0.0021801110036612954,-0.0021817605933028973,-0.002180974586168304,13.0,1000.0,0.0,11.704348336924555,13000,13000.0,2319.9059619903564
9.7603807182312,-6.478545728683471,0.0024784241677625685,0.0,14000.0,3.845418269520451e-06,-0.0019496865984147008,-0.001950544927480223,-0.0019507877479773015,14.0,1000.0,0.0,11.750976341782426,14000,14000.0,2405.005274772644
9.747455041885376,-6.459403434753418,0.0031130152857513165,0.0,15000.0,6.078268748751725e-06,-0.002278308805391134,-0.0022789202389176355,-0.0022775268510449678,15.0,1000.0,0.0,11.817845571642815,15000,15000.0,2489.6230676174164
9.73450538444519,-6.444916572570801,0.0034581313473172485,0.0,16000.0,4.34232570887616e-06,-0.0027206590839923593,-0.0027183402448281413,-0.0027201432017609477,16.0,1000.0,0.0,11.991649967893784,16000,16000.0,2573.01442861557
9.721531759262085,-6.439604875564576,0.0038277371181175113,0.0,17000.0,4.516008254313419e-06,-0.0031081570934475165,-0.003109286009417701,-0.0031093298704363407,17.0,1000.0,0.0,11.49165523687392,17000,17000.0,2660.034095287323
9.708534055709839,-6.436861024856567,0.003871317936340347,0.0,18000.0,3.7492079727599048e-06,-0.003332021419482771,-0.003330183093552478,-0.003329527732450515,18.0,1000.0,0.0,11.531910565325235,18000,18000.0,2746.749995946884
9.695512166976929,-6.417179840087891,0.0035947694352362306,0.0,19000.0,2.724108749930565e-06,-0.0031942560601746664,-0.003194967077317415,-0.0031947181932628155,19.0,1000.0,0.0,11.18959784517518,19000,19000.0,2836.118713617325
9.68246600151062,-6.405068301200867,0.0033683534380979834,0.0,20000.0,3.4402497584551383e-06,-0.0029110899296720164,-0.002911154587636702,-0.0029111412642523647,20.0,1000.0,0.0,11.65348418520792,20000,20000.0,2921.9299607276917
9.669395471572876,-6.396622098922729,0.0030409459606453313,0.0,21000.0,2.363559348509625e-06,-0.0027177728406968527,-0.0027167300403525586,-0.0027172624934464693,21.0,1000.0,0.0,1.2724585504159465,21000,21000.0,3707.8101773262024
9.656300497055053,-6.393795475006104,0.0029571665301918984,0.0,22000.0,2.5597658361675713e-06,-0.0025529690883122386,-0.002553528308053501,-0.002553280044812709,22.0,1000.0,0.0,10.842562828976455,22000,22000.0,3800.0392956733704
9.64318098449707,-6.388362211227417,0.0030159806834999473,0.0,23000.0,2.4155307590945084e-06,-0.00260155155666871,-0.0026007082430878656,-0.0026000671051442624,23.0,1000.0,0.0,10.839340142598784,23000,23000.0,3892.2958347797394
9.630036825180055,-6.375063458442688,0.002952101952745579,0.0,24000.0,2.1870943247677133e-06,-0.0025955842577823204,-0.002596209024079144,-0.0025964394519105553,24.0,1000.0,0.0,11.291370278799127,24000,24000.0,3980.859045982361
9.616867984771728,-6.36320281124115,0.002622556861490011,0.0,25000.0,2.315400692395997e-06,-0.002404317952308702,-0.0024055438487557692,-0.00240568541479297,25.0,1000.0,0.0,10.648930311235313,25000,25000.0,4074.765192747116
9.603674243927001,-6.351067368507385,0.0015275621471755585,0.0,26000.0,1.6076605083981122e-06,-0.0015034219585941173,-0.0015016171380339075,-0.001502247280208394,26.0,1000.0,0.0,9.940598233556692,26000,26000.0,4175.36276102066
9.59045565032959,-6.338829533576965,0.0010910991613927762,0.0,27000.0,1.7819933034388668e-06,-0.0009242692332409206,-0.0009261399560127756,-0.0009251126884482801,27.0,1000.0,0.0,9.836740863064731,27000,27000.0,4277.022449493408
9.577212030410767,-6.294847148895264,0.0009016169922469999,0.0,28000.0,1.7759907196932545e-06,-0.0005759678525828349,-0.0005753062017111006,-0.0005756100386497564,28.0,1000.0,0.0,10.240627363433669,28000,28000.0,4374.6727175712585
9.563943281173707,-6.274234197616577,0.0007546046417664912,0.0,29000.0,1.266883507696548e-06,-0.0005173914521819825,-0.0005155092163240624,-0.0005155767941032537,29.0,1000.0,0.0,10.311569162690196,29000,29000.0,4471.651174783707
9.550649374008179,-6.3015090961456295,0.0007208832378073567,0.0,30000.0,1.2748496079666439e-06,-0.0005062593664024461,-0.000507370724595603,-0.0005077626866404898,30.0,1000.0,0.0,9.909459994364727,30000,30000.0,4572.564847707748
9.537330142974854,-6.288999938964844,0.0007042503507918809,0.0,31000.0,1.1245417497320886e-06,-0.00052575004249411,-0.0005260601429617963,-0.0005256457574432716,31.0,1000.0,0.0,1.1753912729018394,31000,31000.0,5423.345370054245
9.523985454559327,-6.27647883605957,0.0006540197261092544,0.0,32000.0,1.2380023575815358e-06,-0.0004569246958308213,-0.00045814959764902595,-0.0004572605370194651,32.0,1000.0,0.0,9.963535367220826,32000,32000.0,5523.711352348328
9.510615432739257,-6.264025754928589,0.0006773539734631413,0.0,33000.0,9.046462485002848e-07,-0.0005059518824637052,-0.0005036101068162679,-0.0005051650101668201,33.0,1000.0,0.0,9.95520376194931,33000,33000.0,5624.161331176758
9.497219734191894,-6.251856122970581,0.000643510945221351,0.0,34000.0,8.726924299367056e-07,-0.00047131997311862506,-0.0004732956179914254,-0.0004716021731146611,34.0,1000.0,0.0,9.94670281736229,34000,34000.0,5724.697159767151
9.483798362731934,-6.239390374183655,0.0007554318070051522,0.0,35000.0,7.979026017324032e-07,-0.0005824945634994947,-0.00058136587721674,-0.000581996109278407,35.0,1000.0,0.0,9.949493305048014,35000,35000.0,5825.204791545868
9.470351196289062,-6.226547071456909,0.0008446134191362944,0.0,36000.0,8.233188061694818e-07,-0.000652392448100727,-0.0006520560394164931,-0.0006521385785890744,36.0,1000.0,0.0,9.820752851972076,36000,36000.0,5927.029979705811
9.456878177642823,-6.213797270774841,0.0008617080564363277,0.0,37000.0,7.032010169609748e-07,-0.0007140598433206833,-0.0007146279935395796,-0.0007144205322256312,37.0,1000.0,0.0,10.131863286072399,37000,37000.0,6025.728509187698
9.443379125595094,-6.201502942085266,0.000794948609182029,0.0,38000.0,6.439617901037309e-07,-0.0006746095952630639,-0.0006745677218250421,-0.0006749492799863219,38.0,1000.0,0.0,9.905447992144722,38000,38000.0,6126.683055639267
9.429854055404663,-6.188693695068359,0.0006900605099763198,0.0,39000.0,6.422445848102142e-07,-0.0005692148154730604,-0.0005691598244065972,-0.0005679900666000321,39.0,1000.0,0.0,9.914491838373896,39000,39000.0,6227.545512676239
9.416302783966064,-6.17615016746521,0.0006823014443625653,0.0,40000.0,5.988256663158608e-07,-0.0005529132969204512,-0.0005530788245728217,-0.0005541430566227063,40.0,1000.0,0.0,9.92355284799792,40000,40000.0,6328.31587433815
9.402725214004517,-6.1633974533081055,0.0006932651151200843,0.0,41000.0,5.054138914317718e-07,-0.0005704138774990497,-0.0005696571469225091,-0.0005697197910631076,41.0,1000.0,0.0,1.3023698483912094,41000,41000.0,7096.146919488907
9.38912124633789,-6.153554520606995,0.0006942444497944961,0.0,42000.0,4.938998051500221e-07,-0.0005561417087410519,-0.0005559625862247231,-0.0005557530692312867,42.0,1000.0,0.0,10.220293124004217,42000,42000.0,7193.991472244263
9.375490823745727,-6.16367271232605,0.0005763882089249819,0.0,43000.0,4.503898784946614e-07,-0.0004808533032501145,-0.0004807882838340447,-0.00048103638971224425,43.0,1000.0,0.0,10.028909979800336,43000,43000.0,7293.703206777573
9.36183376121521,-6.151609781265258,0.0005446943626020584,0.0,44000.0,4.3033318851826154e-07,-0.00044524930877832956,-0.000445856260409073,-0.00044528889888897536,44.0,1000.0,0.0,10.072321761199314,44000,44000.0,7392.985182523727
9.348150037765503,-6.1322633743286135,0.00046952900316318846,0.0,45000.0,3.853151833652646e-07,-0.00037796261337462054,-0.0003771611376023429,-0.0003777736218762584,45.0,1000.0,0.0,10.4094030470532,45000,45000.0,7489.052171707153
9.334439476013184,-6.111608858108521,0.00041672633516600397,0.0,46000.0,3.763047546385678e-07,-0.00034103814499030703,-0.0003418025767277868,-0.0003413373086368665,46.0,1000.0,0.0,10.483780662210975,46000,46000.0,7584.437609672546
9.320702068328858,-6.093481167793274,0.00041959538330957005,0.0,47000.0,3.369977962535131e-07,-0.00031800316815406405,-0.00031770323118416856,-0.0003178819683380425,47.0,1000.0,0.0,10.44418509350292,47000,47000.0,7680.184668779373
9.306937578201294,-6.074468626976013,0.0003901124299309231,0.0,48000.0,3.1367619368438684e-07,-0.0002946316386005492,-0.00029487007747411553,-0.00029446467402158305,48.0,1000.0,0.0,10.581394377852169,48000,48000.0,7774.690172672272
9.293146001815796,-6.061149904251098,0.00038386115116009024,0.0,49000.0,2.878288622980563e-07,-0.00028624823590917003,-0.0002858353195706513,-0.0002862164082471281,49.0,1000.0,0.0,10.764272858368306,49000,49000.0,7867.590085268021
9.279327228546142,-6.052544411659241,0.0004268747850528598,0.0,50000.0,2.745188878634508e-07,-0.0003217863166355528,-0.00032195597531608654,-0.0003215365069918334,50.0,1000.0,0.0,10.540349126900036,50000,50000.0,7962.46360373497
9.265481092453003,-6.03538129234314,0.0003786790213835047,0.0,51000.0,2.6367873702781705e-07,-0.00030580555511551213,-0.00030572922812007163,-0.0003059336161823012,51.0,1000.0,0.0,1.3996257361704252,51000,51000.0,8676.94032073021
9.25160749053955,-6.0346139011383055,0.0003956651901007717,0.0,52000.0,2.3692360875315898e-07,-0.0003061623653684364,-0.0003059438319505716,-0.0003063552127860021,52.0,1000.0,0.0,11.362189688182971,52000,52000.0,8764.95152592659
9.237706386566161,-6.020852560997009,0.000403455309430683,0.0,53000.0,2.165674318064248e-07,-0.0003380125971571033,-0.0003383375394205359,-0.0003381776222959161,53.0,1000.0,0.0,11.17092734879017,53000,53000.0,8854.469609737396
9.223777584075927,-5.998925694465637,0.0003757420505689879,0.0,54000.0,1.9470788167552655e-07,-0.0003052544126458088,-0.0003049053824422572,-0.00030477454722858965,54.0,1000.0,0.0,11.361655501091613,54000,54000.0,8942.484953165054
9.209821014404296,-5.997449517250061,0.0004717289128875564,0.0,55000.0,2.0061434503304554e-07,-0.000386266785864791,-0.00038628334588247524,-0.0003861752122174948,55.0,1000.0,0.0,11.493757158174857,55000,55000.0,9029.488706350327
9.195836582183837,-5.990132387161255,0.0005033833004495136,0.0,56000.0,1.714011646782865e-07,-0.0004191842428381278,-0.00041899149724122255,-0.0004191656176117249,56.0,1000.0,0.0,10.529893495085478,56000,56000.0,9124.45643234253
9.181824119567871,-5.997437338829041,0.000473337944832565,0.0,57000.0,1.5526854777192512e-07,-0.00043115408484300133,-0.00043111069954829875,-0.0004312219404382631,57.0,1000.0,0.0,11.094332890924429,57000,57000.0,9214.592541456223
9.1677836227417,-5.990298861503601,0.00045869429958111143,0.0,58000.0,1.4864720079543758e-07,-0.0003948134956353897,-0.00039495624397750364,-0.0003948253933922388,58.0,1000.0,0.0,10.744847829500795,58000,58000.0,9307.66040301323
9.153714866638184,-5.966018000602722,0.00042703745952167083,0.0,59000.0,1.4949200016189934e-07,-0.000369300681302775,-0.00036917222958527415,-0.0003692084582871757,59.0,1000.0,0.0,10.27581022020776,59000,59000.0,9404.976331472397
9.139617734909057,-5.941467858314514,0.00034836859100323636,0.0,60000.0,1.1624586297642736e-07,-0.0003019548389333977,-0.0003020287462286433,-0.0003020474584773183,60.0,1000.0,0.0,11.7613719042441,60000,60000.0,9490.000427007675
9.125492198944091,-5.928226218223572,0.0002912302841159544,0.0,61000.0,1.1630937130746587e-07,-0.00024425993055547223,-0.00024442536882088463,-0.0002444114281388465,61.0,1000.0,0.0,1.261513233093216,61000,61000.0,10282.699207544327
9.111338104248047,-5.91573356628418,0.00025197749493258923,0.0,62000.0,1.0516800834636797e-07,-0.0002060511656127346,-0.00020542078236849193,-0.00020559114366187713,62.0,1000.0,0.0,10.40633469110362,62000,62000.0,10378.794522047043
9.097155303955079,-5.9026145124435425,0.00019830706130142062,0.0,63000.0,1.0501578238830688e-07,-0.00015358440606814838,-0.00015377937412768005,-0.00015385827486170457,63.0,1000.0,0.0,11.508217700019241,63000,63000.0,10465.688951253891
9.082943752288818,-5.889318365097046,0.00016288062782405177,0.0,64000.0,8.790570677064124e-08,-0.0001225018337245274,-0.00012253607091815865,-0.00012257161330489908,64.0,1000.0,0.0,11.25683054770946,64000,64000.0,10554.523904323578
9.068703252792359,-5.876223708152771,0.00011923593932669973,0.0,65000.0,8.337119433576845e-08,-8.412797755056544e-05,-8.386219070143852e-05,-8.392573737364728e-05,65.0,1000.0,0.0,11.124994714750626,65000,65000.0,10644.411588430405
9.054433721542358,-5.863088712692261,0.00010053444801224031,0.0,66000.0,7.93248747470443e-08,-5.690891464428205e-05,-5.766912797594159e-05,-5.7243701157858594e-05,66.0,1000.0,0.0,11.15602535455762,66000,66000.0,10734.049248218536
9.040135105133057,-5.84983912563324,0.00010564951725405081,0.0,67000.0,7.975916643232494e-08,-5.079403279046346e-05,-5.0399509940689315e-05,-5.079110516817309e-05,67.0,1000.0,0.0,11.328536901880366,67000,67000.0,10822.32190155983
9.025807107925415,-5.8366724443435665,0.00012377259140930618,0.0,68000.0,7.124162920035815e-08,-7.203811870135723e-05,-7.18767153762201e-05,-7.173819160379935e-05,68.0,1000.0,0.0,10.805414330000945,68000,68000.0,10914.868099451065
9.011449834823608,-5.823393976211547,0.00013198260072476843,0.0,69000.0,6.551184791447895e-08,-9.17439060003744e-05,-9.120789275584684e-05,-9.138489517499693e-05,69.0,1000.0,0.0,11.31404203831988,69000,69000.0,11003.253841638565
8.997063009262085,-5.810147038459778,0.0001437439421972613,0.0,70000.0,6.165735293350849e-08,-9.385668328445718e-05,-9.408927358163055e-05,-9.403028468659613e-05,70.0,1000.0,0.0,11.743484356102313,70000,70000.0,11088.407445192337
8.982646564483643,-5.797229172706604,0.0001632319435154841,0.0,71000.0,5.288398388358928e-08,-0.00011402456245605207,-0.00011424784971586632,-0.00011420418489433359,71.0,1000.0,0.0,1.2911078574028407,71000,71000.0,11862.936075925827
8.968200342178346,-5.783723150253296,0.00020307022443603274,0.0,72000.0,5.4177283690393093e-08,-0.0001514598310764086,-0.00015148779359446963,-0.00015137113828677683,72.0,1000.0,0.0,11.771756603628361,72000,72000.0,11947.885166168213
8.953724250793456,-5.7703770761489865,0.00020974841038469094,0.0,73000.0,4.896194870340764e-08,-0.00017145553496948195,-0.00017122415475455453,-0.00017146819809568114,73.0,1000.0,0.0,10.829312996996102,73000,73000.0,12040.22712802887
8.939218175888062,-5.757119780540466,0.0001827712549215903,0.0,74000.0,5.0887830411738835e-08,-0.00014676569666244177,-0.00014676695882053536,-0.00014657214476028458,74.0,1000.0,0.0,10.161158341971872,74000,74000.0,12138.641105413437
8.924681959152222,-5.743353792190552,0.00015693734308842977,0.0,75000.0,4.1048639015883734e-08,-0.00012361945127304353,-0.0001237393614796929,-0.0001237881494598696,75.0,1000.0,0.0,10.923630193433025,75000,75000.0,12230.185765028
8.910115518569945,-5.7308213891983035,0.00015961871905892621,0.0,76000.0,4.288796884388546e-08,-0.00012525264706800954,-0.00012514091175899012,-0.00012521648495749104,76.0,1000.0,0.0,11.579419976658917,76000,76000.0,12316.545877456665
8.895518659591675,-5.7286462259292605,0.0001268769321261516,0.0,77000.0,3.9187233175752564e-08,-0.00010455944376667503,-0.00010440011850391784,-0.00010453755561320577,77.0,1000.0,0.0,10.768042345684714,77000,77000.0,12409.413269996643
8.88089136314392,-5.716097052574158,9.827866031537269e-05,0.0,78000.0,3.549768432975497e-08,-7.713320008110714e-05,-7.726350352209011e-05,-7.713032925676088e-05,78.0,1000.0,0.0,11.876915224377107,78000,78000.0,12493.610217809677
8.866233404159546,-5.70202998828888,6.735058567005581e-05,0.0,79000.0,3.4330927590531245e-08,-4.398157040054684e-05,-4.3935041790632565e-05,-4.3970772698230576e-05,79.0,1000.0,0.0,11.668168465869933,79000,79000.0,12579.313472032547
8.85154468345642,-5.696163836479187,6.645031766811371e-05,0.0,80000.0,3.129890624187226e-08,-3.911223080081072e-05,-3.916927316345209e-05,-3.919236205547349e-05,80.0,1000.0,0.0,10.362972301901323,80000,80000.0,12675.810887098312
8.83682507133484,-5.676877676010132,6.223104422929282e-05,0.0,81000.0,2.9445812238293457e-08,-3.475836717825587e-05,-3.447736215639452e-05,-3.4500240391935224e-05,81.0,1000.0,0.0,1.4179135889408994,81000,81000.0,13381.072482824326
8.822074451446532,-5.665152433395385,7.073001432172532e-05,0.0,82000.0,2.8188008515783736e-08,-4.094969696870976e-05,-4.10690271482963e-05,-4.103798169671791e-05,82.0,1000.0,0.0,11.759542402697162,82000,82000.0,13466.109806060791
8.807292678833008,-5.638906165122986,8.107385331402384e-05,0.0,83000.0,2.721936032745731e-08,-5.355714953543611e-05,-5.377188580814618e-05,-5.382554102834547e-05,83.0,1000.0,0.0,11.821973420695725,83000,83000.0,13550.698053121567
8.792479623794556,-5.630318678855896,7.309514745327305e-05,0.0,84000.0,2.3114332640794544e-08,-4.8598473678111984e-05,-4.8607984898126235e-05,-4.8548038277658634e-05,84.0,1000.0,0.0,11.923592821306343,84000,84000.0,13634.565392971039
8.777635150909424,-5.6172720289230345,7.222832192587703e-05,0.0,85000.0,2.3040987543687662e-08,-4.784853846717851e-05,-4.771436631244796e-05,-4.7757797772646884e-05,85.0,1000.0,0.0,11.553259421539378,85000,85000.0,13721.121054410934
8.762759130477905,-5.605871843338012,7.19474946487253e-05,0.0,86000.0,1.9813904147625293e-08,-4.568610878664003e-05,-4.578016468440182e-05,-4.5644223850104027e-05,86.0,1000.0,0.0,11.83621435653574,86000,86000.0,13805.60752773285
8.747851448059082,-5.591264700889587,6.468803697998738e-05,0.0,87000.0,1.906661666062348e-08,-4.131716215488268e-05,-4.098156318366364e-05,-4.120183111808728e-05,87.0,1000.0,0.0,11.467933955962563,87000,87000.0,13892.807193517685
8.732911922454834,-5.591077595710755,6.9028061621907e-05,0.0,88000.0,1.8074093465436647e-08,-4.207518649104713e-05,-4.222196147628665e-05,-4.2251062208379153e-05,88.0,1000.0,0.0,11.077434377580875,88000,88000.0,13983.080805063248
8.717940479278564,-5.579114625930786,3.846486723529097e-05,0.0,89000.0,1.7344469271485253e-08,-1.983339356502256e-05,-1.9844985617851307e-05,-1.974368381820568e-05,89.0,1000.0,0.0,10.366358699627984,89000,89000.0,14079.546694517136
8.702936891555787,-5.548184031486511,-5.328244018699024e-06,0.0,90000.0,1.5181277117193302e-08,2.091974512723027e-05,2.0895072235589396e-05,2.0881071778660498e-05,90.0,1000.0,0.0,10.491178142723864,90000,90000.0,14174.864874839783
8.687901140213013,-5.543880114555359,-1.556372111485871e-05,0.0,91000.0,1.432296411518763e-08,3.3025128793951805e-05,3.294312915761566e-05,3.295642765442608e-05,91.0,1000.0,0.0,1.2260654206831902,91000,91000.0,14990.482038974762
8.672832990646363,-5.525135708808899,-2.2820334216476114e-05,0.0,92000.0,1.3616949329442462e-08,4.4866105048640746e-05,4.5004773824530276e-05,4.498884247004753e-05,92.0,1000.0,0.0,11.052221060979905,92000,92000.0,15080.961590766907
8.657732318878173,-5.505389122009277,-4.249736632499434e-05,0.0,93000.0,1.2705792717060405e-08,5.9699952391383706e-05,5.973912013092786e-05,5.9655218981788497e-05,93.0,1000.0,0.0,10.240318684917668,93000,93000.0,15178.614802598953
8.642599039077759,-5.487517457008362,-5.524412369334186e-05,0.0,94000.0,1.1582306570279143e-08,7.335936411095645e-05,7.317489434319668e-05,7.326153408212121e-05,94.0,1000.0,0.0,10.208345778974252,94000,94000.0,15276.573867559433
8.627432954788208,-5.472093923568726,-6.505442997286081e-05,0.0,95000.0,1.1294099128811297e-08,8.174935918782467e-05,8.183910068430578e-05,8.18049283552682e-05,95.0,1000.0,0.0,10.705555191597032,95000,95000.0,15369.983315944672
8.612233932495117,-5.458338688850403,-6.352653037208711e-05,0.0,96000.0,1.0006875484691592e-08,8.466601848977006e-05,8.470688447619068e-05,8.467100834241137e-05,96.0,1000.0,0.0,10.663694621732114,96000,96000.0,15463.759445428848
8.59700180053711,-5.4450669813156125,-6.200976806235303e-05,0.0,97000.0,1.0183485069870102e-08,8.074468112158684e-05,8.078371666852036e-05,8.076114418508951e-05,97.0,1000.0,0.0,11.226912636900222,97000,97000.0,15552.831129074097
8.58173654937744,-5.430116994857788,-7.273076770684383e-05,0.0,98000.0,8.660159481532758e-09,8.972038636284196e-05,8.968529982553264e-05,8.968324121087789e-05,98.0,1000.0,0.0,11.032337467084314,98000,98000.0,15643.473752498627
8.566437881469726,-5.416646265983582,-7.311265814814761e-05,0.0,99000.0,8.484855509749423e-09,9.070377177908995e-05,9.076451076657576e-05,9.078017587307841e-05,99.0,1000.0,0.0,10.921399812729536,99000,99000.0,15735.037107229233
8.551105709075928,-5.409857800483704,-6.85399116574672e-05,0.0,100000.0,8.130543024176263e-09,8.743060165943462e-05,8.738863957154308e-05,8.744667338032741e-05,100.0,1000.0,0.0,10.88860868661703,100000,100000.0,15826.876206159592
8.535739870071412,-5.395381385803223,-6.185415252957683e-05,0.0,101000.0,6.778361163473079e-09,8.0445701214785e-05,8.037872925694955e-05,8.033453347161413e-05,101.0,1000.0,0.0,1.3075517489929005,101000,101000.0,16591.664293289185
8.520340240478516,-5.383949007987976,-4.929824221096624e-05,0.0,102000.0,7.612335604312293e-09,6.895189457600282e-05,6.908089020089393e-05,6.905588982044719e-05,102.0,1000.0,0.0,10.630198594086549,102000,102000.0,16685.73591375351
8.504906656265259,-5.376421466827392,-4.581710278125684e-05,0.0,103000.0,6.435682590399949e-09,6.452345661864455e-05,6.452236464963334e-05,6.449096729193115e-05,103.0,1000.0,0.0,10.048869496311864,103000,103000.0,16785.249596118927
8.489438966751099,-5.365209286689758,-3.25532738129084e-05,0.0,104000.0,5.9036954491720195e-09,5.137154542717326e-05,5.126091988438475e-05,5.1299656071932985e-05,104.0,1000.0,0.0,11.696059395747062,104000,104000.0,16870.748478651047
8.473937000274658,-5.3430500507354735,-2.2464849183563728e-05,0.0,105000.0,6.077295507278535e-09,4.2550949619453606e-05,4.267093313069381e-05,4.264188350498444e-05,105.0,1000.0,0.0,10.334642898536687,105000,105000.0,16967.510410547256
8.45840065574646,-5.330965431213379,-1.8841605249264147e-05,0.0,106000.0,5.1246847758701365e-09,3.507176923699262e-05,3.504406909019053e-05,3.5084138660749886e-05,106.0,1000.0,0.0,10.197387319196396,106000,106000.0,17065.574746370316
8.44282971382141,-5.313720239639283,-9.277096294113108e-06,0.0,107000.0,5.100832795257304e-09,2.70258841312625e-05,2.7047703235609787e-05,2.6989305406459608e-05,107.0,1000.0,0.0,10.132933558727494,107000,107000.0,17164.262850999832
8.427224115371704,-5.294880449295044,-1.5965986341484495e-05,0.0,108000.0,4.93200871332089e-09,2.8978249721149042e-05,2.8912937569998577e-05,2.8940487653017045e-05,108.0,1000.0,0.0,10.13371107704191,108000,108000.0,17262.943383932114
8.411583627700805,-5.286315179824829,-1.732416300802697e-05,0.0,109000.0,4.66466261128673e-09,3.382804115574345e-05,3.3977152587908675e-05,3.38922479422763e-05,109.0,1000.0,0.0,10.230683384216196,109000,109000.0,17360.68856573105
8.395908113479614,-5.265844923019409,-1.624147955135413e-05,0.0,110000.0,4.40413952407237e-09,3.2659697069902905e-05,3.25058673811327e-05,3.259038701435202e-05,110.0,1000.0,0.0,10.483427804233532,110000,110000.0,17456.077214241028
8.380197406768799,-5.245904113769531,-2.6055231671193724e-05,0.0,111000.0,3.923654565474166e-09,3.9543526035686226e-05,3.9643269341013366e-05,3.957958376850001e-05,111.0,1000.0,0.0,1.2783097727699555,111000,111000.0,18238.36021256447
8.364451360702514,-5.234442098617554,-2.664205614871662e-05,0.0,112000.0,3.942332475248556e-09,4.3469058515483996e-05,4.341842728638312e-05,4.344741471140878e-05,112.0,1000.0,0.0,10.687812970611754,112000,112000.0,18331.92472434044
8.34866982460022,-5.223163411140442,-3.2593320534260786e-05,0.0,113000.0,3.6101222702367154e-09,4.641941057820986e-05,4.6359629422568103e-05,4.6378560386074243e-05,113.0,1000.0,0.0,10.753614415243424,113000,113000.0,18424.916714429855
8.332852615356446,-5.207695827484131,-3.458726116519983e-05,0.0,114000.0,3.476560346715729e-09,4.666392168928723e-05,4.669303638127076e-05,4.6698890502739235e-05,114.0,1000.0,0.0,10.681939316750878,114000,114000.0,18518.53267478943
8.316999586105347,-5.194645627975464,-2.216272178208101e-05,0.0,115000.0,3.542587992733104e-09,3.84648381691477e-05,3.847021391806038e-05,3.845423898746958e-05,115.0,1000.0,0.0,10.45713156320507,115000,115000.0,18614.161194562912
8.301110576629638,-5.180471064567566,-2.080948389146897e-05,0.0,116000.0,2.8406572545325303e-09,3.4151249513911355e-05,3.4228415513211984e-05,3.4213123784866186e-05,116.0,1000.0,0.0,11.602776526311112,116000,116000.0,18700.347462892532
8.285185441970825,-5.161501636505127,-1.921487203196648e-05,0.0,117000.0,3.1276184504491768e-09,3.3232531744261e-05,3.322795456614358e-05,3.3188392633746846e-05,117.0,1000.0,0.0,10.395129672136118,117000,117000.0,18796.54636001587
8.269223957061767,-5.14289073753357,-2.0411654886913766e-05,0.0,118000.0,2.6168359769096484e-09,3.258387990410938e-05,3.2482466264809774e-05,3.259555868135067e-05,118.0,1000.0,0.0,10.47745925909563,118000,118000.0,18891.98934698105
8.253226079940795,-5.126502048492432,-2.497381158946155e-05,0.0,119000.0,2.498938386663596e-09,3.771752208172074e-05,3.7721979301807094e-05,3.768600002513267e-05,119.0,1000.0,0.0,11.237270018837325,119000,119000.0,18980.978933811188
8.237191411972045,-5.093973103523254,-3.1149947683729806e-05,0.0,120000.0,2.53761602936331e-09,4.38385040168896e-05,4.3873044446058885e-05,4.3839486534125174e-05,120.0,1000.0,0.0,10.702337559712847,120000,120000.0,19074.416465997696
8.221120027542113,-5.100043821334839,-3.864083047619715e-05,0.0,121000.0,2.497632296427632e-09,4.932854535240949e-05,4.932747456928155e-05,4.933058100868948e-05,121.0,1000.0,0.0,1.2512879702163975,121000,121000.0,19873.593014478683
8.205011631011963,-5.0873932456970214,-3.1741065284904835e-05,0.0,122000.0,2.1876849916613316e-09,4.5861263283654806e-05,4.581600073686332e-05,4.581899166078074e-05,122.0,1000.0,0.0,11.410257019908896,122000,122000.0,19961.233459711075
8.18886611175537,-5.062354001045227,-2.252331456026013e-05,0.0,123000.0,2.1781136883003425e-09,3.563739053151949e-05,3.565415076701584e-05,3.5710995012777855e-05,123.0,1000.0,0.0,10.336328729194902,123000,123000.0,20057.979609966278
8.172683290481567,-5.031399408340454,-1.7941284796279434e-05,0.0,124000.0,1.939770932157803e-09,3.2218490149944045e-05,3.223374095625786e-05,3.2204805273067905e-05,124.0,1000.0,0.0,10.994566435559141,124000,124000.0,20148.933629751205
8.156462875366211,-5.014391543388367,-1.8039577008380547e-05,0.0,125000.0,1.9876421059050743e-09,3.0655386453986464e-05,3.0666234821637776e-05,3.061063899076544e-05,125.0,1000.0,0.0,10.853586050471009,125000,125000.0,20241.06907773018
8.140204811096192,-4.996989102363586,-1.6085466887545863e-05,0.0,126000.0,1.7387226801113264e-09,2.848872109916556e-05,2.858308778826313e-05,2.8583073712070472e-05,126.0,1000.0,0.0,10.849014992347717,126000,126000.0,20333.24334526062
8.123908908843994,-4.983782390594483,-1.6373441522148368e-05,0.0,127000.0,1.7692406976410612e-09,2.730197078801666e-05,2.717283466478193e-05,2.7189720396563644e-05,127.0,1000.0,0.0,11.080080621847461,127000,127000.0,20423.49539732933
8.107575016021729,-4.969861909866333,-1.2385008562318944e-05,0.0,128000.0,1.6547230727581575e-09,2.5824953068763533e-05,2.5849779614361525e-05,2.5875693278067047e-05,128.0,1000.0,0.0,11.142287389636689,128000,128000.0,20513.24357700348
8.091202880859376,-4.954877215385437,-1.0912686031872454e-05,0.0,129000.0,1.4466974538607236e-09,2.303691530244123e-05,2.3016179557941996e-05,2.3031869102851488e-05,129.0,1000.0,0.0,10.75787752672756,129000,129000.0,20606.198716640472
8.07479238128662,-4.938923503875732,-7.140689720245064e-06,0.0,130000.0,1.6889654200491489e-09,1.9462859612190187e-05,1.9413819296630663e-05,1.9452530541457235e-05,130.0,1000.0,0.0,10.89284727032982,130000,130000.0,20698.002079486847
8.058343320846557,-4.915019654273987,-3.114463378892651e-06,0.0,131000.0,1.2408602421687398e-09,1.5454668907295854e-05,1.550374219795003e-05,1.545356907081441e-05,131.0,1000.0,0.0,1.2866950649708067,131000,131000.0,21475.186999559402
8.041855504989623,-4.893135142326355,-7.059208508053416e-08,0.0,132000.0,1.3406309701813334e-09,1.1125686746481733e-05,1.1072293045742754e-05,1.106607185829489e-05,132.0,1000.0,0.0,11.0007664649454,132000,132000.0,21566.089757680893
8.025328800201416,-4.866524355888367,-2.2077598849250536e-06,0.0,133000.0,1.364348580334962e-09,1.1631130535647571e-05,1.1677193794469076e-05,1.1692003285133978e-05,133.0,1000.0,0.0,10.960322796524622,133000,133000.0,21657.327947616577
8.008762943267822,-4.849586096763611,-3.582722101498348e-06,0.0,134000.0,1.177500283749966e-09,1.4272932067683541e-05,1.4239168951235115e-05,1.4255320827942341e-05,134.0,1000.0,0.0,10.963496153882286,134000,134000.0,21748.53972864151
7.99215780544281,-4.838502438545227,-2.482606668138487e-06,0.0,135000.0,1.196640549275263e-09,1.294532335623444e-05,1.2991651812455984e-05,1.295679331633437e-05,135.0,1000.0,0.0,10.932257587493131,135000,135000.0,21840.012144565582
7.975513193130493,-4.817102457046508,5.19699859182765e-07,0.0,136000.0,1.1174041006090096e-09,1.0312048274727203e-05,1.0312184015788261e-05,1.0317933139958768e-05,136.0,1000.0,0.0,10.499219474405214,136000,136000.0,21935.25732064247
7.958828908920288,-4.76187009525299,-1.3221983827236273e-06,0.0,137000.0,1.0685291046003132e-09,1.141314465985488e-05,1.1405692728544637e-05,1.142352042006678e-05,137.0,1000.0,0.0,10.301330996124028,137000,137000.0,22032.332155942917
7.942104719161987,-4.744681436538697,1.8926787338955365e-06,0.0,138000.0,1.0390916825586682e-09,8.674042372149416e-06,8.667496552106968e-06,8.666733606332855e-06,138.0,1000.0,0.0,9.947592863529737,138000,138000.0,22132.858988761902
7.925340520858764,-4.711012881278991,5.694081024842035e-06,0.0,139000.0,9.588046516045834e-10,5.955213134825499e-06,5.999065463925035e-06,5.991336372062506e-06,139.0,1000.0,0.0,9.899580028602568,139000,139000.0,22233.87337589264
7.908536039352417,-4.700278734207154,1.1013949637799669e-05,0.0,140000.0,9.642044081076273e-10,1.0196214597044673e-06,9.844098539701919e-07,9.62123948585969e-07,140.0,1000.0,0.0,10.16600207791207,140000,140000.0,22332.24046278
7.891691116333008,-4.710388601303101,1.5098061624428283e-05,0.0,141000.0,8.966093040380096e-10,-3.905506648266055e-06,-3.913185146473097e-06,-3.9063734325281985e-06,141.0,1000.0,0.0,1.1800639271387323,141000,141000.0,23179.652182102203
7.874805627822876,-4.694640354156494,1.504808329525531e-05,0.0,142000.0,8.999532355585815e-10,-4.572788869268152e-06,-4.612835314503627e-06,-4.583390321386105e-06,142.0,1000.0,0.0,9.953856634010819,142000,142000.0,23280.115755558014
7.857879257202148,-4.710677256584168,1.1160313020184276e-05,0.0,143000.0,7.75082610017519e-10,-2.7557598542671256e-06,-2.6661795557743063e-06,-2.7054537866888496e-06,143.0,1000.0,0.0,10.175495408088578,143000,143000.0,23378.39106988907
7.840911863327026,-4.7162910089492796,7.656987004651228e-06,0.0,144000.0,9.406528911140577e-10,6.68491430587892e-07,6.018222171348952e-07,6.167246072124044e-07,144.0,1000.0,0.0,10.073449578632255,144000,144000.0,23477.661931037903
7.823903284072876,-4.715574999809265,6.533987220024074e-06,0.0,145000.0,6.69370037273409e-10,2.276097368394403e-06,2.2738749246968837e-06,2.301464494166794e-06,145.0,1000.0,0.0,9.84798846122931,145000,145000.0,23579.20551133156
7.806853215217591,-4.71204905128479,7.5283291183154685e-06,0.0,146000.0,7.770640273255247e-10,1.426731121227931e-06,1.4342838666152603e-06,1.4050323287619903e-06,146.0,1000.0,0.0,10.143431142819995,146000,146000.0,23677.791482448578
7.789761567115784,-4.648898727416992,5.430868849771286e-06,0.0,147000.0,7.374124367728885e-10,2.3068770132113057e-06,2.3034494455203e-06,2.3322763104260956e-06,147.0,1000.0,0.0,10.28582246014445,147000,147000.0,23775.012682914734
7.772628028869629,-4.630544238090515,3.525983146374756e-06,0.0,148000.0,6.765413961967726e-10,3.87599902137481e-06,3.86912315687482e-06,3.881169563101139e-06,148.0,1000.0,0.0,10.046994103584485,148000,148000.0,23874.54494047165
7.755452493667603,-4.5583173398971555,-3.455837721929811e-06,0.0,149000.0,8.429682524929705e-10,1.0040032644269558e-05,1.004990281464302e-05,1.002445871108648e-05,149.0,1000.0,0.0,11.234395272977679,149000,149000.0,23963.55729842186
7.738234695434571,-4.505750163078308,-5.4026123201538216e-06,0.0,150000.0,7.227070492055176e-10,1.0972987214017849e-05,1.0955719609114567e-05,1.097613914498652e-05,150.0,1000.0,0.0,11.704664638306562,150000,150000.0,24048.993322610855
7.720974432945251,-4.514848022460938,-1.3694156282895164e-07,0.0,151000.0,6.896494685187937e-10,7.601905048318258e-06,7.644554196645004e-06,7.6039297919123785e-06,151.0,1000.0,0.0,1.4295850267167878,151000,151000.0,24748.497012376785
7.703671541213989,-4.523044324874878,5.6046512617342615e-06,0.0,152000.0,6.519175479169359e-10,3.72300091305533e-06,3.683367895405354e-06,3.719968387258632e-06,152.0,1000.0,0.0,11.98542442561159,152000,152000.0,24831.931688785553
7.686325777053833,-4.521495224952698,8.06066090487434e-06,0.0,153000.0,5.931783432985838e-10,8.123370389512275e-08,5.849413571468176e-08,5.205861877755069e-08,153.0,1000.0,0.0,11.112289612564377,153000,153000.0,24921.92214512825
7.668936858177185,-4.480718094825745,1.0544064446520451e-05,0.0,154000.0,7.223977424239414e-10,-1.9151606175000777e-06,-1.890270398149596e-06,-1.8989825189237308e-06,154.0,1000.0,0.0,11.53590707518457,154000,154000.0,25008.60800385475
7.65150468158722,-4.45488581943512,7.875825387401391e-06,0.0,155000.0,5.627156444421022e-10,-1.3094861457147998e-06,-1.3159178238879577e-06,-1.3102334796712967e-06,155.0,1000.0,0.0,11.826185448700635,155000,155000.0,25093.166124343872
7.634028982162476,-4.431193689346314,8.862664185556923e-06,0.0,156000.0,5.101972663443255e-10,-1.5200591091115713e-06,-1.5188715095462158e-06,-1.5075472994112715e-06,156.0,1000.0,0.0,11.711752094396894,156000,156000.0,25178.550446033478
7.616509561538696,-4.423260529518127,1.0940007436914811e-05,0.0,157000.0,6.011334982430894e-10,-2.065288686480926e-06,-2.1198503486345997e-06,-2.1088574987970788e-06,157.0,1000.0,0.0,11.341282623076554,157000,157000.0,25266.723895311356
7.5989461450576785,-4.407165633201599,1.1748118891915737e-05,0.0,158000.0,5.564950862207985e-10,-2.8674263905941187e-06,-2.823127294306005e-06,-2.8249054078059998e-06,158.0,1000.0,0.0,11.83665049575871,158000,158000.0,25351.20725607872
7.581338565826416,-4.3908999166488645,1.520922843661765e-05,0.0,159000.0,5.100207476974039e-10,-5.858675149170267e-06,-5.8312380661220684e-06,-5.852995409441064e-06,159.0,1000.0,0.0,11.059168718968479,159000,159000.0,25441.629966259003
7.563686569213867,-4.373817765235901,1.600288700453234e-05,0.0,160000.0,5.235906267615775e-10,-7.41238077523576e-06,-7.466240717576511e-06,-7.443970831445767e-06,160.0,1000.0,0.0,11.821790923544636,160000,160000.0,25526.219519853592
7.545989986419678,-4.356285209655762,1.7071152600806272e-05,0.0,161000.0,5.221760849515033e-10,-8.134537744240333e-06,-8.112728995826046e-06,-8.151398510563013e-06,161.0,1000.0,0.0,1.390384049306104,161000,161000.0,26245.445262908936
7.528248526573181,-4.332651679039001,1.794677437706582e-05,0.0,162000.0,5.696112941773468e-10,-9.005245909065706e-06,-8.955985076624983e-06,-8.951733982030419e-06,162.0,1000.0,0.0,11.257410426984558,162000,162000.0,26334.275639533997
7.510461954116821,-4.317601473808288,1.767860673808741e-05,0.0,163000.0,4.6065271821355005e-10,-1.0326984344601442e-05,-1.0358249240965733e-05,-1.0345177826820873e-05,163.0,1000.0,0.0,11.874676623247325,163000,163000.0,26418.488460063934
7.492630125999451,-4.297435793876648,1.9727938616540542e-05,0.0,164000.0,5.262359129426519e-10,-1.1257507353775509e-05,-1.1240647972186935e-05,-1.1253416465478948e-05,164.0,1000.0,0.0,10.942438142105019,164000,164000.0,26509.875772237778
7.474752722740173,-4.279715322494507,2.0663923862315414e-05,0.0,165000.0,4.727182243008388e-10,-1.2192928958597805e-05,-1.2170483604663217e-05,-1.2188501248601823e-05,165.0,1000.0,0.0,11.671600310645761,165000,165000.0,26595.553827047348
7.456829583168029,-4.2571873893737795,2.0430307514828884e-05,0.0,166000.0,5.115467832834952e-10,-1.1363553761157163e-05,-1.1434679462013264e-05,-1.1388260094463475e-05,166.0,1000.0,0.0,10.760899521367099,166000,166000.0,26688.482862710953
7.4388604202270505,-4.259390083312988,1.726380285668938e-05,0.0,167000.0,4.772456526341145e-10,-9.098098443587332e-06,-9.066848705714393e-06,-9.080018071472295e-06,167.0,1000.0,0.0,11.328069664793656,167000,167000.0,26776.75915646553
7.420845009803772,-4.243637092590332,1.875371261752434e-05,0.0,168000.0,4.73261428327737e-10,-9.251132958297604e-06,-9.257733446617068e-06,-9.258717156626517e-06,168.0,1000.0,0.0,11.679245026787822,168000,168000.0,26862.381129980087
7.402783099174499,-4.226432397842407,1.781573046611129e-05,0.0,169000.0,4.7116004800625e-10,-9.681989976115801e-06,-9.65876799017451e-06,-9.694619619040168e-06,169.0,1000.0,0.0,11.600241291868988,169000,169000.0,26948.58623433113
7.384674470901489,-4.227228930473328,1.8761994709151963e-05,0.0,170000.0,4.95022617036378e-10,-9.538495051174322e-06,-9.55382780979619e-06,-9.52342833079456e-06,170.0,1000.0,0.0,11.435003169180176,170000,170000.0,27036.03702020645
7.366518886566162,-4.21438454914093,1.7111737585537412e-05,0.0,171000.0,4.338534962747276e-10,-8.799625753113105e-06,-8.760581588376226e-06,-8.787738401224487e-06,171.0,1000.0,0.0,1.3587092145842503,171000,171000.0,27772.02967429161
7.348316069602967,-4.176288600921631,1.5522241428755024e-05,0.0,172000.0,4.4986375828497127e-10,-7.443807324875706e-06,-7.471616130459324e-06,-7.453817494933901e-06,172.0,1000.0,0.0,11.769403993269691,172000,172000.0,27856.9957447052
7.330065811157227,-4.159027243614196,1.2765863110686836e-05,0.0,173000.0,4.573766875324431e-10,-5.562691861882741e-06,-5.535693956659316e-06,-5.5236104844880175e-06,173.0,1000.0,0.0,11.406674811069497,173000,173000.0,27944.6637134552
7.311767820358276,-4.142502551078796,9.987989333723136e-06,0.0,174000.0,4.679935458710982e-10,-2.8530655062013464e-06,-2.901041797400694e-06,-2.9141873121716344e-06,174.0,1000.0,0.0,11.111212454648763,174000,174000.0,28034.662893295288
7.29342188167572,-4.125453696250916,8.928375281470835e-06,0.0,175000.0,4.3194736395850417e-10,-6.607652895809224e-07,-6.592842449322234e-07,-6.554592694669737e-07,175.0,1000.0,0.0,11.626191364016854,175000,175000.0,28120.675584554672
7.275027776718139,-4.064267983436585,8.4361125627197e-06,0.0,176000.0,4.4715034387514396e-10,-9.324354745103847e-07,-9.091348645000608e-07,-8.992924030621907e-07,176.0,1000.0,0.0,11.398584647331285,176000,176000.0,28208.405775547028
7.256585165977478,-4.030719378471375,8.855365710303431e-06,0.0,177000.0,4.196734654845352e-10,-1.1001141283486505e-06,-1.1059534997599485e-06,-1.1132392666013402e-06,177.0,1000.0,0.0,10.872129864332212,177000,177000.0,28300.38407444954
7.238093885421753,-4.008565515995025,9.176274159500508e-06,0.0,178000.0,4.4877654548601544e-10,-1.6769596401218223e-06,-1.6273632810310802e-06,-1.6531675328224083e-06,178.0,1000.0,0.0,10.582476587008799,178000,178000.0,28394.879914283752
7.219553576469421,-4.002316353797912,8.588052678106805e-06,0.0,179000.0,4.282778094145956e-10,-1.5743740050311316e-06,-1.6117881655759446e-06,-1.5856295296998724e-06,179.0,1000.0,0.0,11.649803049133544,179000,179000.0,28480.718279123306
7.200964056968689,-3.9813445930480955,1.1879895272414841e-05,0.0,180000.0,4.608579419872888e-10,-2.2821337244067762e-06,-2.2852442304071017e-06,-2.2843297538202025e-06,180.0,1000.0,0.0,11.66670886757009,180000,180000.0,28566.43225479126
7.182325017929077,-3.9522490611076355,8.431078051771124e-06,0.0,181000.0,3.7158401716610305e-10,-1.7272520760798216e-06,-1.757107800472113e-06,-1.7538972158490652e-06,181.0,1000.0,0.0,1.423395199350475,181000,181000.0,29268.97783255577
7.163636209487915,-3.930660318851471,1.0464484647513927e-05,0.0,182000.0,3.9528841921585013e-10,-1.3130358565831557e-06,-1.2768565284062561e-06,-1.2821481277569546e-06,182.0,1000.0,0.0,11.71349730599733,182000,182000.0,29354.349433660507
7.144897444725037,-3.9143201484680175,9.73120022544549e-06,0.0,183000.0,4.2686346356842627e-10,-1.1450515831938902e-06,-1.2051404756334704e-06,-1.1706618429343508e-06,183.0,1000.0,0.0,11.642488630354439,183000,183000.0,29440.241723775864
7.126108315467834,-3.895779185771942,9.104224576788055e-06,0.0,184000.0,4.028401344221416e-10,-1.2886358110790752e-06,-1.2521227371138366e-06,-1.2880690201200196e-06,184.0,1000.0,0.0,11.646003168577257,184000,184000.0,29526.10809326172
7.107268635749817,-3.8781273317337037,9.08938271575721e-06,0.0,185000.0,3.906166218320059e-10,-1.3857304204520915e-06,-1.4023623917012175e-06,-1.3891783264625701e-06,185.0,1000.0,0.0,10.719801595914532,185000,185000.0,29619.393403053284
7.088378106117249,-3.8598981170654296,1.0255376712763108e-05,0.0,186000.0,4.0639290627315917e-10,-2.0154169167199142e-06,-2.008666568357853e-06,-2.0103342837956007e-06,186.0,1000.0,0.0,11.650608940329837,186000,186000.0,29705.225826978683
7.069436466217041,-3.8427398829460144,1.1154694234988937e-05,0.0,187000.0,3.883311546788032e-10,-3.2884968187545383e-06,-3.318724759552083e-06,-3.3004319902829594e-06,187.0,1000.0,0.0,11.504115806551452,187000,187000.0,29792.15123939514
7.05044340133667,-3.8418971700668334,1.3027604513723646e-05,0.0,188000.0,3.827789446424548e-10,-4.449109570259679e-06,-4.416843797386605e-06,-4.432045087014558e-06,188.0,1000.0,0.0,11.665964344371162,188000,188000.0,29877.870686531067
7.031398716926574,-3.845864517688751,1.280571264103969e-05,0.0,189000.0,4.027121640942308e-10,-4.428754091009069e-06,-4.423941095367923e-06,-4.427513890732371e-06,189.0,1000.0,0.0,11.782980059319156,189000,189000.0,29962.738861322403
7.012302050590515,-3.828137009143829,1.2681732233915e-05,0.0,190000.0,3.8757912558355643e-10,-4.162148442219404e-06,-4.179205081811688e-06,-4.179553535323066e-06,190.0,1000.0,0.0,11.332779535441162,190000,190000.0,30050.97846865654
6.993153144836426,-3.806872549057007,1.0994643201286181e-05,0.0,191000.0,3.541195012614698e-10,-4.204099665798822e-06,-4.191786981778023e-06,-4.186363955341221e-06,191.0,1000.0,0.0,1.4085810647073247,191000,191000.0,30760.912760734558
6.97395170211792,-3.782742709159851,1.0894447465631174e-05,0.0,192000.0,3.942454023667455e-10,-4.114087110906439e-06,-4.071510779454001e-06,-4.111903099328628e-06,192.0,1000.0,0.0,11.704991572891313,192000,192000.0,30846.346398830414
6.954697447776795,-3.7619758229255678,1.0981762122185046e-05,0.0,193000.0,3.5654128210330787e-10,-4.2101522858501995e-06,-4.279810242437065e-06,-4.234747490045265e-06,193.0,1000.0,0.0,11.465587651373502,193000,193000.0,30933.56390929222
6.935390126228333,-3.757726420402527,1.1895263677814682e-05,0.0,194000.0,4.1211160786789464e-10,-4.128203855316315e-06,-4.096095019491486e-06,-4.10509682205884e-06,194.0,1000.0,0.0,11.6491729499202,194000,194000.0,31019.406913995743
6.916029350280762,-3.739465250492096,1.2360099298234672e-05,0.0,195000.0,3.426589012135023e-10,-4.1148615187012185e-06,-4.122275392987263e-06,-4.115002274375002e-06,195.0,1000.0,0.0,11.361986853682033,195000,195000.0,31107.419691085815
6.896614898681641,-3.6975851321220397,1.2885830488173156e-05,0.0,196000.0,3.7053104601832837e-10,-5.092541655471905e-06,-5.092481414791905e-06,-5.09383525877638e-06,196.0,1000.0,0.0,11.685575305108415,196000,196000.0,31192.99528169632
6.87714644241333,-3.663088624000549,1.519613934459585e-05,0.0,197000.0,3.6162513656311236e-10,-8.722274543174535e-06,-8.700611259300217e-06,-8.708558776561404e-06,197.0,1000.0,0.0,11.715317186805855,197000,197000.0,31278.353620767593
6.857623682975769,-3.6455949258804323,1.9970837364297723e-05,0.0,198000.0,4.129831119407956e-10,-1.1558611580653633e-05,-1.1568916168016585e-05,-1.1570385835511843e-05,198.0,1000.0,0.0,11.649721055371007,198000,198000.0,31364.192586660385
6.8380463495254515,-3.6287620439529418,2.017141137599765e-05,0.0,199000.0,3.1903053746007437e-10,-1.2827668728959907e-05,-1.2837836545514847e-05,-1.2836386284106993e-05,199.0,1000.0,0.0,11.56141831892485,199000,199000.0,31450.687165737152
6.818414081573486,-3.635493465423584,2.097213242191742e-05,0.0,200000.0,3.5657196534744776e-10,-1.3523230832106492e-05,-1.3529330211696334e-05,-1.3533645798815997e-05,200.0,1000.0,0.0,11.553926196015059,200000,200000.0,31537.237832307816
6.798726606369018,-3.613057846069336,2.2250509730383782e-05,0.0,201000.0,3.572144542012337e-10,-1.3204707619820511e-05,-1.3219272926974667e-05,-1.3199847197029158e-05,201.0,1000.0,0.0,1.4358659592104355,201000,201000.0,32233.681671142578
6.778983615875244,-3.5731159472465515,2.0048076190136043e-05,0.0,202000.0,3.869411208069426e-10,-1.3277569355523155e-05,-1.3248333198774276e-05,-1.3264994231576566e-05,202.0,1000.0,0.0,11.696613063929458,202000,202000.0,32319.176506519318
6.759184799194336,-3.5675034584999086,2.071310983683361e-05,0.0,203000.0,3.0036698211739073e-10,-1.3288197489146114e-05,-1.326298143499116e-05,-1.3282492936923518e-05,203.0,1000.0,0.0,11.689359748349725,203000,203000.0,32404.724392414093
6.7393297758102415,-3.576929392337799,1.93497982493227e-05,0.0,204000.0,3.4264423396388257e-10,-1.2312503149473742e-05,-1.2346257829847218e-05,-1.2317627806623932e-05,204.0,1000.0,0.0,11.656993800098842,204000,204000.0,32490.509803771973
6.7194183006286625,-3.5236228847503663,1.734634148920122e-05,0.0,205000.0,3.4059171147467203e-10,-1.1171731742024348e-05,-1.1143283959981432e-05,-1.1135106306028319e-05,205.0,1000.0,0.0,11.597597073527254,205000,205000.0,32576.73456263542
6.699450044631958,-3.4981429071426393,1.7771709320868467e-05,0.0,206000.0,3.499402647239025e-10,-1.040771031807708e-05,-1.0415889569088677e-05,-1.0440400235893322e-05,206.0,1000.0,0.0,11.61339013218854,206000,206000.0,32662.842064142227
6.6794246454238895,-3.4794544801712037,1.7083497187186934e-05,0.0,207000.0,3.5926327881727337e-10,-9.55554416520954e-06,-9.58174068053097e-06,-9.569649510012823e-06,207.0,1000.0,0.0,11.656673104793317,207000,207000.0,32748.62983560562
6.659341800689697,-3.4608509330749513,1.592805912764561e-05,0.0,208000.0,3.4704330003753476e-10,-8.866698169754272e-06,-8.839211432416505e-06,-8.850282023558976e-06,208.0,1000.0,0.0,11.12434896973318,208000,208000.0,32838.52273797989
6.63920114517212,-3.442171482563019,1.4326626527235931e-05,0.0,209000.0,2.898844511244232e-10,-8.123608194864573e-06,-8.135620906358554e-06,-8.132161439789343e-06,209.0,1000.0,0.0,11.385509293421581,209000,209000.0,32926.35368037224
6.61900239944458,-3.422325862407684,1.5978649520320688e-05,0.0,210000.0,3.579502277422861e-10,-7.544946390908081e-06,-7.575955472830742e-06,-7.5548032145889014e-06,210.0,1000.0,0.0,11.563390872600797,210000,210000.0,33012.833505153656
6.598745203971863,-3.404429663658142,1.4734398010986638e-05,0.0,211000.0,3.1611554791258906e-10,-7.1989898362971874e-06,-7.17634128469058e-06,-7.186849677054851e-06,211.0,1000.0,0.0,1.434093214836962,211000,211000.0,33710.138248205185
6.578429195404053,-3.385252642154694,1.4709049570996058e-05,0.0,212000.0,3.118181272103102e-10,-6.978419008646597e-06,-6.975676698573352e-06,-6.977993748478184e-06,212.0,1000.0,0.0,11.626904841158247,212000,212000.0,33796.145661354065
6.558054075241089,-3.3663555250167847,1.4282964756205274e-05,0.0,213000.0,3.016509464107836e-10,-6.503252114612223e-06,-6.491465665206419e-06,-6.507426052849041e-06,213.0,1000.0,0.0,11.804602573650829,213000,213000.0,33880.85838317871
6.537619464874267,-3.347903513431549,1.3968115572922102e-05,0.0,214000.0,3.40426985096301e-10,-6.307697816851032e-06,-6.27817550787313e-06,-6.281013253101264e-06,214.0,1000.0,0.0,11.740953950437019,214000,214000.0,33966.03033900261
6.517125020980835,-3.3295053811073303,1.4039853698676552e-05,0.0,215000.0,3.3718216973285113e-10,-6.071374401358298e-06,-6.078870422740579e-06,-6.099096447542252e-06,215.0,1000.0,0.0,11.717061399002555,215000,215000.0,34051.375970840454
6.496570398330689,-3.31047602891922,1.2216106678692995e-05,0.0,216000.0,3.047974412098697e-10,-5.653526882724691e-06,-5.647588833909367e-06,-5.6273096734003045e-06,216.0,1000.0,0.0,11.485805920138501,216000,216000.0,34138.4399535656
6.475955245971679,-3.291087896347046,1.147925043522946e-05,0.0,217000.0,2.944047271004335e-10,-5.213429235709555e-06,-5.277910487151871e-06,-5.2532631398207745e-06,217.0,1000.0,0.0,11.578310350346175,217000,217000.0,34224.8083422184
6.455279195785523,-3.271414020061493,1.2135192866551848e-05,0.0,218000.0,3.105112434910115e-10,-5.077867672866887e-06,-5.069193855604226e-06,-5.072115680377464e-06,218.0,1000.0,0.0,11.659946490173336,218000,218000.0,34310.572030067444
6.434541927337646,-3.2529234261512756,1.1732401308805152e-05,0.0,219000.0,2.877346976723483e-10,-4.817219564756669e-06,-4.809756784439401e-06,-4.810176860701176e-06,219.0,1000.0,0.0,11.771209971069451,219000,219000.0,34395.52506518364
6.413742986679077,-3.233359736442566,1.1839892551876119e-05,0.0,220000.0,3.01600724046322e-10,-4.6087280438769084e-06,-4.553604503797714e-06,-4.5840941693313654e-06,220.0,1000.0,0.0,11.513884390888906,220000,220000.0,34482.3767285347
6.392882119178772,-3.2145732736587522,1.084743638129737e-05,0.0,221000.0,2.998632781126692e-10,-4.513413456720627e-06,-4.5204895963593115e-06,-4.517563163972227e-06,221.0,1000.0,0.0,1.4281734023682204,221000,221000.0,35182.571816682816
6.371958863258362,-3.1950977811813353,1.1594570546591854e-05,0.0,222000.0,3.0358133059835147e-10,-4.47731406541152e-06,-4.548883908455536e-06,-4.506750142354576e-06,222.0,1000.0,0.0,11.528955522924617,222000,222000.0,35269.30994415283
6.350972869873047,-3.1757835545539854,1.1421678527540279e-05,0.0,223000.0,3.013735899444307e-10,-4.429452394219879e-06,-4.378889031471544e-06,-4.39784362060891e-06,223.0,1000.0,0.0,11.61579082714366,223000,223000.0,35355.399649858475
6.329923796653747,-3.155394209384918,1.1971738106751672e-05,0.0,224000.0,3.070354495215283e-10,-4.281029905428113e-06,-4.3044518764787654e-06,-4.3033322617702655e-06,224.0,1000.0,0.0,11.428115676059628,224000,224000.0,35442.903140068054
6.308811218261718,-3.1365057740211486,1.062562797331168e-05,0.0,225000.0,2.9688139368145433e-10,-4.319131940746956e-06,-4.334757602777018e-06,-4.324628020185628e-06,225.0,1000.0,0.0,11.70494901058601,225000,225000.0,35528.33708882332
6.287634796142578,-3.116378699302673,1.0509390044148859e-05,0.0,226000.0,2.6047922885687537e-10,-4.3475127200736096e-06,-4.3118304332807615e-06,-4.3397535491749296e-06,226.0,1000.0,0.0,11.214614836395349,226000,226000.0,35617.506447315216
6.266394097328186,-3.097103867530823,1.32616859797281e-05,0.0,227000.0,3.276269723360807e-10,-4.430788996842239e-06,-4.427295931733966e-06,-4.435125815689389e-06,227.0,1000.0,0.0,11.857442696071468,227000,227000.0,35701.84166479111
6.245088733673096,-3.0777252345085144,1.0544570053980351e-05,0.0,228000.0,2.4729113039636055e-10,-4.666553047059097e-06,-4.675820941486109e-06,-4.659547000301245e-06,228.0,1000.0,0.0,11.814346733189067,228000,228000.0,35786.48451757431
6.223718358039856,-3.058255678653717,1.2555565294974258e-05,0.0,229000.0,2.865361576984832e-10,-4.735999961098969e-06,-4.749501942043821e-06,-4.7383246755998694e-06,229.0,1000.0,0.0,10.973834168917767,229000,229000.0,35877.61037135124
6.202282539367676,-3.0378262009620665,1.1547222829221937e-05,0.0,230000.0,2.795690856073618e-10,-4.72076619098516e-06,-4.720454410275466e-06,-4.724591773083375e-06,230.0,1000.0,0.0,11.70375726106346,230000,230000.0,35963.05301904678
6.180780842781067,-3.0186105008125304,1.1575743892990432e-05,0.0,231000.0,2.8943111531629443e-10,-4.827946402997441e-06,-4.834363916621953e-06,-4.836229629290756e-06,231.0,1000.0,0.0,1.4355143195367037,231000,231000.0,36659.66745758057
6.159212921142578,-2.9983092350959777,1.2728648226470796e-05,0.0,232000.0,2.90099145924122e-10,-4.803495652481615e-06,-4.8280001563369975e-06,-4.823476181627484e-06,232.0,1000.0,0.0,11.601053207455264,232000,232000.0,36745.86652851105
6.13757836151123,-2.9781364765167235,1.186939843557866e-05,0.0,233000.0,2.849308063405595e-10,-4.780843050184558e-06,-4.7311208188460794e-06,-4.745698010992782e-06,233.0,1000.0,0.0,11.54570521178907,233000,233000.0,36832.47882270813
6.11587669467926,-2.959192918777466,1.0528604109666162e-05,0.0,234000.0,2.4264922161712845e-10,-4.61066311754621e-06,-4.572699844999306e-06,-4.58611906196893e-06,234.0,1000.0,0.0,11.578506055412381,234000,234000.0,36918.84575152397
6.094107528686523,-2.9388751583099366,1.1376956177770126e-05,0.0,235000.0,2.6214293795704876e-10,-4.40701733680271e-06,-4.467818157166903e-06,-4.4438926370276025e-06,235.0,1000.0,0.0,11.714226610365147,235000,235000.0,37004.21203708649
6.07227047920227,-2.9184650363922118,1.166913049929974e-05,0.0,236000.0,2.9975171172026e-10,-4.4465648310278995e-06,-4.489348113800418e-06,-4.460822008695686e-06,236.0,1000.0,0.0,11.485775379288665,236000,236000.0,37091.27625131607
6.050365087509156,-2.898318588256836,1.1548572909049427e-05,0.0,237000.0,2.6338203816794054e-10,-4.698670742072864e-06,-4.65052970255897e-06,-4.6828135782561735e-06,237.0,1000.0,0.0,11.526298340444088,237000,237000.0,37178.03437447548
6.028390925407409,-2.8787208623886107,1.1578598773212434e-05,0.0,238000.0,2.388746551660638e-10,-4.748455482285863e-06,-4.750844258609277e-06,-4.737191316053213e-06,238.0,1000.0,0.0,11.618284878804879,238000,238000.0,37264.10559940338
6.006347583770752,-2.8579736475944517,1.119916165413315e-05,0.0,239000.0,2.772468311496197e-10,-4.776679821816287e-06,-4.7900788334303e-06,-4.785702031767869e-06,239.0,1000.0,0.0,11.457966072356395,239000,239000.0,37351.3811249733
5.984234585762024,-2.8382055406570434,1.101746240070156e-05,0.0,240000.0,2.460351781539798e-10,-4.746895466496426e-06,-4.732376931215754e-06,-4.762389704410452e-06,240.0,1000.0,0.0,11.668263768541594,240000,240000.0,37437.08367943764
5.962051523208618,-2.8182394042015075,1.0840963092164202e-05,0.0,241000.0,2.5026352122917673e-10,-4.735146771963627e-06,-4.736622275004265e-06,-4.71405868029251e-06,241.0,1000.0,0.0,1.416703812786707,241000,241000.0,38142.947524785995
5.939797944068909,-2.7973604483604433,1.1769430180848417e-05,0.0,242000.0,2.5675797874413417e-10,-4.73534577031387e-06,-4.768323299941812e-06,-4.764819130286923e-06,242.0,1000.0,0.0,10.751488163804014,242000,242000.0,38235.957906246185
5.917473381996155,-2.77770636510849,1.163200530183417e-05,0.0,243000.0,2.5408586588914795e-10,-4.862422390147003e-06,-4.855204870793272e-06,-4.851371258155268e-06,243.0,1000.0,0.0,11.750855782158801,243000,243000.0,38321.05809211731
5.895077387809754,-2.7561127147674562,1.2200296927602494e-05,0.0,244000.0,2.4021205101941446e-10,-4.919618657481806e-06,-4.900223931194603e-06,-4.911007286864333e-06,244.0,1000.0,0.0,11.564758342923772,244000,244000.0,38407.527690410614
5.87260950756073,-2.735931191444397,1.1515365006687262e-05,0.0,245000.0,2.57482526822353e-10,-5.023234709483404e-06,-4.9963203251337514e-06,-5.010856634726224e-06,245.0,1000.0,0.0,11.696619750669678,245000,245000.0,38493.02247714996
5.850069311141968,-2.7153094387054444,1.288300849147106e-05,0.0,246000.0,2.5482337546187464e-10,-4.954750586762202e-06,-4.9852116764554925e-06,-4.974035296072543e-06,246.0,1000.0,0.0,11.219625163549159,246000,246000.0,38582.15201544762
5.827456283569336,-2.695357105255127,1.1554139898521498e-05,0.0,247000.0,2.4764481586811264e-10,-4.9286273579127734e-06,-4.917329910796297e-06,-4.9117743437818715e-06,247.0,1000.0,0.0,11.709904943877062,247000,247000.0,38667.54980587959
5.804769951820374,-2.6735533080101015,1.0980880616838107e-05,0.0,248000.0,2.62328201821628e-10,-4.677980369706347e-06,-4.680477218457213e-06,-4.686724478233372e-06,248.0,1000.0,0.0,11.911727523481506,248000,248000.0,38751.50068640709
5.7820098571777345,-2.6528131589889528,9.961241542356447e-06,0.0,249000.0,2.05773002434715e-10,-4.288427369829151e-06,-4.327290220622615e-06,-4.293572555980063e-06,249.0,1000.0,0.0,10.707653963550888,249000,249000.0,38844.8918261528
5.759175547599792,-2.6316665511131285,1.0420361782255584e-05,0.0,250000.0,2.472772764388828e-10,-3.898911460225918e-06,-3.8630280926383875e-06,-3.889986620379204e-06,250.0,1000.0,0.0,11.74002128742082,250000,250000.0,38930.070548295975
5.736266497611999,-2.611563696861267,1.0622681559667058e-05,0.0,251000.0,2.337407490390214e-10,-3.6131822615743657e-06,-3.6452990235602556e-06,-3.637585904016305e-06,251.0,1000.0,0.0,1.4348234995698887,251000,251000.0,39627.020383358
5.713282212257385,-2.589574610710144,9.622310078057694e-06,0.0,252000.0,2.3042101766077364e-10,-3.569325803709944e-06,-3.5428110433457505e-06,-3.546346646544407e-06,252.0,1000.0,0.0,11.551381848606114,252000,252000.0,39713.59011363983
5.690222228050232,-2.569895311355591,9.863160396740512e-06,0.0,253000.0,2.8120059473828174e-10,-3.349039104705298e-06,-3.3426512358900597e-06,-3.3420146437492805e-06,253.0,1000.0,0.0,11.620463259716947,253000,253000.0,39799.645203351974
5.667085990905762,-2.5482589631080628,9.021050776368611e-06,0.0,254000.0,1.9230568881105705e-10,-3.2012904000566776e-06,-3.209373112611047e-06,-3.2064772267403897e-06,254.0,1000.0,0.0,11.562411906403188,254000,254000.0,39886.13234972954
5.6438730573654174,-2.527940076351166,9.651798275299939e-06,0.0,255000.0,2.2781481788611973e-10,-3.052654969565083e-06,-3.0448333189667666e-06,-3.0538648534275128e-06,255.0,1000.0,0.0,11.526387031776904,255000,255000.0,39972.88980507851
5.620582902908326,-2.5051929001808166,9.662649117984756e-06,0.0,256000.0,2.2468789743048182e-10,-2.9971730856459545e-06,-2.9937747266046698e-06,-2.999285808073182e-06,256.0,1000.0,0.0,11.420778259551078,256000,256000.0,40060.44951295853
5.597214994430542,-2.4842939562797546,8.872771519264688e-06,0.0,257000.0,2.2992189146380307e-10,-2.9258590409426688e-06,-2.9166290075863798e-06,-2.9128697874512e-06,257.0,1000.0,0.0,11.619836265822638,257000,257000.0,40146.50924658775
5.573768781661987,-2.4634599657058716,7.604392855093067e-06,0.0,258000.0,2.2409811271072168e-10,-2.781479667305575e-06,-2.790436197500412e-06,-2.7907968096769765e-06,258.0,1000.0,0.0,11.79459609708096,258000,258000.0,40231.2938375473
5.550243803024292,-2.4419656319618226,8.65774165433919e-06,0.0,259000.0,2.6289913609457705e-10,-2.5895110684359677e-06,-2.607572489544907e-06,-2.5964822302739776e-06,259.0,1000.0,0.0,11.515700059105525,259000,259000.0,40318.13180708885
5.526639492034912,-2.446700521469116,8.67645716797938e-06,0.0,260000.0,2.3151150634320022e-10,-2.4389539395315294e-06,-2.4338464753768107e-06,-2.4438423038191105e-06,260.0,1000.0,0.0,11.46032964350034,260000,260000.0,40405.38933253288
5.502955314636231,-2.4554208936691286,6.644771118772042e-06,0.0,261000.0,1.6670861468495376e-10,-2.2761196579494936e-06,-2.2326482446288763e-06,-2.235353120340733e-06,261.0,1000.0,0.0,1.4351333875385055,261000,261000.0,41102.188675403595
5.479190737724304,-2.4337879490852354,8.02694273374982e-06,0.0,262000.0,2.2327379320093502e-10,-2.096947335701316e-06,-2.1306703930061845e-06,-2.129321177562815e-06,262.0,1000.0,0.0,11.807378601568663,262000,262000.0,41186.88148021698
5.455345192909241,-2.412852173805237,7.751588803103004e-06,0.0,263000.0,2.1182671588191107e-10,-2.0537260763831e-06,-2.08422480646675e-06,-2.061353465705906e-06,263.0,1000.0,0.0,11.68924266496542,263000,263000.0,41272.43022322655
5.431418162345886,-2.3904428396224975,7.820358064805077e-06,0.0,264000.0,2.0349284651863947e-10,-2.1341112572486055e-06,-2.083194122526777e-06,-2.1089705005579162e-06,264.0,1000.0,0.0,11.3793018707969,264000,264000.0,41360.30907702446
5.4074090356826785,-2.369412977218628,8.505357288413506e-06,0.0,265000.0,2.1754320410978697e-10,-2.052673205071187e-06,-2.0732732984072298e-06,-2.06942334307314e-06,265.0,1000.0,0.0,11.751882132469511,265000,265000.0,41445.4018304348
5.383317301750183,-2.3471666464805603,8.206559590234973e-06,0.0,266000.0,2.150449675520586e-10,-1.973246024817854e-06,-1.9717684932700763e-06,-1.9752799510115435e-06,266.0,1000.0,0.0,11.844940375412097,266000,266000.0,41529.8260641098
5.359142370223999,-2.3269389572143555,8.011356477112486e-06,0.0,267000.0,1.9935534132991746e-10,-1.8925306992514379e-06,-1.8807471936064246e-06,-1.8899354754466912e-06,267.0,1000.0,0.0,11.693532496875156,267000,267000.0,41615.34342241287
5.334883637428284,-2.3051939697265627,7.591242208562221e-06,0.0,268000.0,2.066458092246648e-10,-1.7921360450259272e-06,-1.8072218661853157e-06,-1.7959233075544034e-06,268.0,1000.0,0.0,11.616824284107828,268000,268000.0,41701.4254693985
5.310540563583374,-2.2843828768730163,6.655481957125176e-06,0.0,269000.0,2.1129914207782332e-10,-1.677437097271195e-06,-1.696220825948558e-06,-1.6814445843920111e-06,269.0,1000.0,0.0,11.558909246992911,269000,269000.0,41787.938823223114
5.286112515449524,-2.2604851627349856,8.316639920053604e-06,0.0,270000.0,2.0739067869762416e-10,-1.6210103306093515e-06,-1.5985363253250283e-06,-1.6023733496695057e-06,270.0,1000.0,0.0,11.683455174711932,270000,270000.0,41873.52994298935
5.261598936080933,-2.239907235145569,7.982078829797955e-06,0.0,271000.0,2.0097769160747416e-10,-1.5433886576943224e-06,-1.5712604875091075e-06,-1.5812115700555296e-06,271.0,1000.0,0.0,1.435494058219291,271000,271000.0,42570.154213666916
5.236999214172363,-2.218774981498718,7.658909778683665e-06,0.0,272000.0,1.9183443984976263e-10,-1.5600694059116903e-06,-1.5326108761257728e-06,-1.5276729707238701e-06,272.0,1000.0,0.0,11.660622653914595,272000,272000.0,42655.91292834282
5.212312717437744,-2.1955852212905884,7.923851085706702e-06,0.0,273000.0,1.8599198208543547e-10,-1.4460502453061963e-06,-1.4459089249569956e-06,-1.4555098523487686e-06,273.0,1000.0,0.0,11.600250692177639,273000,273000.0,42742.11796283722
5.18753884601593,-2.174185676574707,7.68877020709624e-06,0.0,274000.0,2.126103369470833e-10,-1.3687852126622602e-06,-1.3736298667410551e-06,-1.3677959968845243e-06,274.0,1000.0,0.0,11.742847666148418,274000,274000.0,42827.276183366776
5.162677011489868,-2.151990491390228,7.1440599691641184e-06,0.0,275000.0,1.8780289567639322e-10,-1.329328663018714e-06,-1.2888649856179768e-06,-1.3094885875943873e-06,275.0,1000.0,0.0,11.467090937599728,275000,275000.0,42914.482259750366
5.13772654247284,-2.128739908695221,6.974956756607753e-06,0.0,276000.0,1.9608573728624456e-10,-1.2659956004767992e-06,-1.321057586068264e-06,-1.2907607724628177e-06,276.0,1000.0,0.0,11.177514611069379,276000,276000.0,43003.94758749008
5.112686857223511,-2.1074779357910156,6.7378647540863314e-06,0.0,277000.0,1.7668193862075896e-10,-1.2625170656406226e-06,-1.2520534621458523e-06,-1.2746077052270266e-06,277.0,1000.0,0.0,11.563890094101021,277000,277000.0,43090.423678159714
5.087557248115539,-2.0844043054580688,6.703848535266843e-06,0.0,278000.0,1.971068502415029e-10,-1.2334534961269129e-06,-1.2366502334941742e-06,-1.2178656486412365e-06,278.0,1000.0,0.0,11.832355372401738,278000,278000.0,43174.937705755234
5.0623371210098265,-2.062631306171417,7.374362959694736e-06,0.0,279000.0,1.975178308656015e-10,-1.2424137866560158e-06,-1.2314143891742901e-06,-1.2338294384335314e-06,279.0,1000.0,0.0,11.498145337465665,279000,279000.0,43261.908254384995
5.037025775909424,-2.0399957325458526,7.445225556693913e-06,0.0,280000.0,1.963107108392693e-10,-1.1896555326984526e-06,-1.2008794655926636e-06,-1.197270972397746e-06,280.0,1000.0,0.0,11.544793617516357,280000,280000.0,43348.52738714218
5.01162258720398,-2.017345260620117,6.134233694183422e-06,0.0,281000.0,1.5864155915356128e-10,-1.1463268057241294e-06,-1.139263984995864e-06,-1.1453599136075355e-06,281.0,1000.0,0.0,1.4429495576281517,281000,281000.0,44041.55230689049
4.986126884460449,-1.9939948501586915,6.400477022452833e-06,0.0,282000.0,1.8299826028090812e-10,-1.0159453334495084e-06,-1.017499293375579e-06,-1.0170764156782753e-06,282.0,1000.0,0.0,11.521139329856263,282000,282000.0,44128.34927940369
4.960537941932678,-1.9717165081501007,7.115262787579013e-06,0.0,283000.0,1.8462573706098593e-10,-1.011179476279267e-06,-1.0211589875375183e-06,-1.0129081010745723e-06,283.0,1000.0,0.0,11.58046372579953,283000,283000.0,44214.70160770416
4.934855170249939,-1.9493819975852966,6.628858639714963e-06,0.0,284000.0,1.7788956761604323e-10,-9.870212809346413e-07,-9.693994092003778e-07,-9.898097044924725e-07,284.0,1000.0,0.0,11.640471070984178,284000,284000.0,44300.6087846756
4.909077773094177,-1.9261834990978242,6.735055293802361e-06,0.0,285000.0,1.6662127735704579e-10,-9.955408144151078e-07,-9.99250404802865e-07,-9.906195722351185e-07,285.0,1000.0,0.0,11.704974848448934,285000,285000.0,44386.04254460335
4.883205125808716,-1.9044798471927642,6.596209500571604e-06,0.0,286000.0,1.8649508865637917e-10,-9.327686375399935e-07,-9.543860909424496e-07,-9.379555973509923e-07,286.0,1000.0,0.0,11.452589150845375,286000,286000.0,44473.35904574394
4.85723648929596,-1.8809702229499816,6.014261822201661e-06,0.0,287000.0,1.802761154737079e-10,-8.318374911482352e-07,-8.168965379695692e-07,-8.312196208635214e-07,287.0,1000.0,0.0,11.785947646259592,287000,287000.0,44558.20585131645
4.831171159744263,-1.8573833165168763,5.92513435356068e-06,0.0,288000.0,1.7746638205154431e-10,-8.100377168034356e-07,-7.990651166451812e-07,-8.018845671813324e-07,288.0,1000.0,0.0,11.761646736429507,288000,288000.0,44643.22796010971
4.805008406639099,-1.8363756411075591,6.609458233015175e-06,0.0,289000.0,1.65088685550761e-10,-9.299664098421089e-07,-9.154732456622128e-07,-9.281301249757235e-07,289.0,1000.0,0.0,11.639702274776901,289000,289000.0,44729.14081096649
4.778747500419617,-1.8114941530227662,6.999504412760871e-06,0.0,290000.0,1.7299674542957216e-10,-9.133011827202609e-07,-9.57813772554772e-07,-9.324022188366143e-07,290.0,1000.0,0.0,11.705972682260645,290000,290000.0,44814.56728863716
4.752387707710266,-1.7884350101947784,6.6160107253381285e-06,0.0,291000.0,1.7469477529927918e-10,-9.787027877337096e-07,-9.388163124981475e-07,-9.587021716015443e-07,291.0,1000.0,0.0,1.417610220089088,291000,291000.0,45519.97981119156
4.725928266525268,-1.766074951171875,6.2024897877677174e-06,0.0,292000.0,1.5721474983117733e-10,-9.426746572103183e-07,-9.966776327736681e-07,-9.786636716171415e-07,292.0,1000.0,0.0,11.636228694746693,292000,292000.0,45605.91830825806
4.6993684492111205,-1.7416532723903655,6.218824784525623e-06,0.0,293000.0,1.8190147063054186e-10,-1.0179027368053538e-06,-9.864000714685517e-07,-9.902517368800544e-07,293.0,1000.0,0.0,11.72054201493281,293000,293000.0,45691.238595962524
4.672707471847534,-1.7186979558467865,6.018730523180693e-06,0.0,294000.0,1.4938470474555945e-10,-1.0089842074307853e-06,-1.0187983016578528e-06,-1.0220075828328844e-06,294.0,1000.0,0.0,11.518099847454456,294000,294000.0,45778.05847239494
4.645944527626037,-1.6947057220935822,5.8445973787684125e-06,0.0,295000.0,1.7319687129814e-10,-1.0269255587900262e-06,-1.024345582983699e-06,-1.0153387898981237e-06,295.0,1000.0,0.0,11.470633997551134,295000,295000.0,45865.237612724304
4.619078907012939,-1.6718212826251984,6.400347313729071e-06,0.0,296000.0,1.6192897973633112e-10,-1.018735271429705e-06,-1.011914626182886e-06,-1.0200989590885e-06,296.0,1000.0,0.0,11.692272699946106,296000,296000.0,45950.76418542862
4.592109763145447,-1.6486062490940094,5.7031371451898845e-06,0.0,297000.0,1.6451833019103141e-10,-1.0282840933086846e-06,-1.0238262711901313e-06,-1.0259155328640191e-06,297.0,1000.0,0.0,11.432475773357744,297000,297000.0,46038.23430395126
4.56503629398346,-1.6238554668426515,6.377481208573954e-06,0.0,298000.0,1.5166718791927072e-10,-1.0517889315906359e-06,-1.0499555931637872e-06,-1.0486812519729938e-06,298.0,1000.0,0.0,11.453856940302652,298000,298000.0,46125.54114031792
4.537857750892639,-1.60085861992836,6.78266678505679e-06,0.0,299000.0,1.6067787144032065e-10,-1.0656164888587227e-06,-1.0655009459412668e-06,-1.0673082597350003e-06,299.0,1000.0,0.0,11.70077823059105,299000,299000.0,46211.00554180145
4.5105732641220095,-1.5763461005687713,6.358044619560133e-06,0.0,300000.0,1.64862239438574e-10,-1.0745319825673505e-06,-1.0916296907410583e-06,-1.08679219079022e-06,300.0,1000.0,0.0,11.131105693793582,300000,300000.0,46300.84387755394
